loops_guide,interests,entry_type
Scarborough,Art,Destination
Scarborough,Art,Destination
Scarborough,Art,Destination
Scarborough,Art,Destination
Scarborough,Art,Destination
Scarborough,Art,Destination
Scarborough,Art,Destination
Scarborough,Art,Destination
Scarborough,Art,Destination
Scarborough,Art,Destination
Scarborough,Art,Destination
Scarborough,Art,Destination
Scarborough,Art,Destination
Scarborough,Art,Destination
Scarborough,Art,Destination
Scarborough,Art,Destination
Scarborough,Art,Destination
Scarborough,Art,Destination
Scarborough,Art,Destination
Scarborough,Art,Destination
Scarborough,Art,Destination
Scarborough,Art,Destination
Scarborough,Art,Destination
Scarborough,Art,Destination
Scarborough,Art,Destination
York,Art,Destination
York,Art,Destination
York,Art,Destination
York,Art,Destination
York,Art,Destination
York,Art,Destination
York,Art,Did you know?
York,Art,Destination
York,Art,Destination
York,Art,Destination
York,Art,Destination
York,Art,Destination
York,Art,Insiders tip
York,Art,Destination
York,Art,Explore more
York,Art,Destination
York,Art,Did you know?
York,Art,Destination
York,Art,Destination
York,Art,Destination
York,Art,Destination
York,Art,Destination
York,Art,Destination
York,Art,Explore more
York,Art,Destination
York,Art,Destination
York,Art,Destination
York,Art,Destination
Scarborough,Art,Destination
Scarborough,Art,Destination
Etobicoke,Art,Destination
Scarborough,Art,Destination
Scarborough,Art,Destination
Scarborough,Art,Destination
Scarborough,Art,Destination
Scarborough,Art,Destination
North York,Art,Destination
North York,Art,Destination
North York,Art,Tour Description
North York,Art,Destination
North York,Art,Destination
North York,Art,Destination
North York,Art,Destination
North York,Art,Destination
North York,Art,Destination
North York,Art,Destination
North York,Art,Destination
North York,Art,Destination
North York,Art,Destination
North York,Art,Destination
North York,Art,Destination
North York,Art,Destination
North York,Art,Destination
North York,Art,Destination
North York,Art,Destination
North York,Art,Tour Description
North York,Art,Destination
North York,Art,Destination
North York,Art,Destination
North York,Art,Destination
North York,Art,Destination
North York,Art,Destination
North York,Art,Destination
North York,Art,Destination
North York,Art,Destination
North York,Art,Destination
North York,Art,Destination
North York,Art,Destination
North York,Art,Destination
North York,Art,Tour Description
North York,Art,Destination
North York,Art,Destination
North York,Art,Destination
North York,Art,Destination
North York,Art,Destination
North York,Art,Destination
North York,Art,Did you know
North York,Art,Destination
North York,Art,Destination
North York,Art,Destination
North York,Art,Explore More
East York/East End,Art,Destination
East York/East End,Art,Destination
East York/East End,Art,Destination
East York/East End,Art,Insider Tip
Etobicoke,Art,Destination
Etobicoke,Art,Destination
Etobicoke,Art,Destination
York,Art,Destination
York,Art,Destination
York,Art,Tour Description
York,Art,Destination
York,Art,Destination
York,Art,Destination
York,Art,Destination
York,Art,Explore more
North York,Art,Did you know
North York,Art,Destination
North York,Art,Tour Description
North York,Art,Destination
North York,Art,Destination
North York,Art,Destination
North York,Art,Destination
North York,Art,Destination
North York,Art,Destination
North York,Art,Destination
North York,Art,Destination
North York,Art,Destination
North York,Art,Destination
North York,Art,Destination
North York,Art,Destination
North York,Art,Destination
North York,Art,Destination
North York,Art,Destination
North York,Art,Destination
North York,Art,Destination
North York,Art,Destination
North York,Art,Destination
East York/East End,Art,Explore More
East York/East End,Art,Destination
East York/East End,Art,Destination
East York/East End,Art,Destination
East York/East End,Art,Tour Description
Etobicoke,Art,Destination
Scarborough,Art,Destination
Etobicoke,Art,Destination
Etobicoke,Art,Destination
Etobicoke,Art,Destination
Scarborough,Art,Tour Description
Scarborough,Art,Destination
Scarborough,Art,Destination
Scarborough,Art,Destination
Scarborough,Art,Destination
Scarborough,Art,Destination
Scarborough,Art,Destination
Scarborough,Art,Destination
Scarborough,Art,Destination
Scarborough,Art,Destination
Scarborough,Art,Destination
Scarborough,Art,Destination
Scarborough,Art,Destination
Scarborough,Art,Destination
Scarborough,Art,Destination
Scarborough,Art,Destination
Scarborough,Art,Destination
Scarborough,Art,Destination
Scarborough,Art,Did you know
Scarborough,Art,Destination
Scarborough,Art,Destination
Scarborough,Art,Destination
Scarborough,Art,Destination
Scarborough,Art,Destination
Scarborough,Art,Destination
Scarborough,Art,Explore More
Scarborough,Art,Destination
Scarborough,Art,Destination
Scarborough,Art,Destination
Scarborough,Art,Destination
Scarborough,Art,Destination
Scarborough,Art,Destination
Scarborough,Art,Destination
Scarborough,Art,Destination
